folder,id,display_name,description,type,units,domain,labels,calculation,commonly_used,forms
Administrative,nsrrid,NSRR Subject Identifer,This participant ID was created by the National Sleep Research Resource (NSRR) team to more easily match with file downloads.,identifier,"","","","",true,""
Administrative,visit,Visit,"",choices,"",visit_d,"","",true,""
Anthropometry,bmi,Body Mass Index (BMI),"",numeric,kilograms per meters squared (kg/m2),"",weight;height,"",true,""
Anthropometry,bmicat,Body Mass Index (BMI) percentile category,"",choices,"",bmicat,weight;height,"","",""
Anthropometry,bmige85,Body Mass Index (BMI) >= 85th percentile,"",choices,"",noyes,weight;height,"","",""
Anthropometry,bmige95,Body Mass Index (BMI) >= 95th percentile,"",choices,"",noyes,weight;height,"","",""
Anthropometry,bmipct,"Body Mass Index (BMI) percentile (from the Centers for Disease Control and Prevention (CDC)) for age, gender",Age- and gender-specific Body Mass Index (BMI) percentile based on the Centers for Disease Control and Prevention (CDC) norms,numeric,"","",weight;height,"","",""
Anthropometry,bmiz,"Body Mass Index (BMI) z-score (from the Centers for Disease Control and Prevention (CDC)) for age, gender",Age- and gender-specific Body Mass Index (BMI) z-score based on the Centers for Disease Control and Prevention (CDC) norms,numeric,"","",weight;height,"","",""
Anthropometry,haz,"Height z-score (from the Centers for Disease Control and Prevention (CDC)) for age, gender",Age- and gender-specific height z-score based on the Centers for Disease Control and Prevention (CDC) norms,numeric,"","","","","",""
Anthropometry,htcm,Height,"",numeric,centimeters (cm),"","","",true,ccshs_lab_physiology_child_form;ccshs_lab_physiology_parent_form
Anthropometry,htpct,"Height percentile (from the Centers for Disease Control and Prevention (CDC)) for age, gender",Age- and gender-specific height z-score based on the Centers for Disease Control and Prevention (CDC) norms,numeric,percent (%),"","","","",""
Anthropometry,pbmi_dad,Body Mass Index (BMI) of Subject's Father,"",numeric,kilograms per meters squared (kg/m2),"",weight;height,"","",""
Anthropometry,pbmi_mom,Body Mass Index (BMI) of Subject's Mother,"",numeric,kilograms per meters squared (kg/m2),"",weight;height,"","",""
Anthropometry,pctfat_houtkooper,Fat mass percent of weight (Houtkooper),"",numeric,percent (%),"",bfp,"","",""
Anthropometry,pctfat_kotler,Fat mass percent of weight (Kotler),"",numeric,percent (%),"",bfp,"","",""
Anthropometry,waistcm,Waist circumference,Mean of two measurements,numeric,centimeters (cm),"","","",true,""
Anthropometry,waistge75,"Waist circumference >= 75th percentile for age, gender",Based on Fernandez pediatric waist circumference percentiles,choices,"",noyes,"","","",""
Anthropometry,waistge90,"Waist circumference >= 90th percentile for age, gender",Based on Fernandez pediatric waist circumference percentiles,choices,"",noyes,"","","",""
Anthropometry,waistgt75,"Waist circumference > 75th percentile for age, gender",Based on Fernandez pediatric waist circumference percentiles,choices,"",noyes,"","","",""
Anthropometry,waistgt90,"Waist circumference > 90th percentile for age, gender",Based on Fernandez pediatric waist circumference percentiles,choices,"",noyes,"","","",""
Anthropometry,waistpctcat,Waist circumference percentile category,Based on Fernandez pediatric waist circumference percentiles,choices,"",percentile,"","","",""
Anthropometry,waz,"Weight z-score (from the Centers for Disease Control and Prevention (CDC)) for age, gender",Age- and gender-specific weight z-score based on the Centers for Disease Control and Prevention (CDC) norms,numeric,"","","","","",""
Anthropometry,wtkg,Weight,"",numeric,kilograms (kg),"","","",true,ccshs_lab_physiology_child_form;ccshs_lab_physiology_parent_form
Anthropometry,wtpct,"Weight percentile (from the Centers for Disease Control and Prevention (CDC)) for age, gender",Age- and gender-specific weight percentile based on the Centers for Disease Control and Prevention (CDC) norms,numeric,"","","","","",""
Clinical Data/Vital Signs/Seated Blood Pressure,bp1dias1,Diastolic blood pressure (DBP) (Evening) time 1,First measurement of diastolic blood pressure (DBP) in evening,numeric,millimeters of mercury (mmHg),"","","","",""
Clinical Data/Vital Signs/Seated Blood Pressure,bp1dias2,Diastolic blood pressure (DBP) (Evening) time 2,Second measurement of diastolic blood pressure (DBP) in evening,numeric,millimeters of mercury (mmHg),"","","","",""
Clinical Data/Vital Signs/Seated Blood Pressure,bp1dias3,Diastolic blood pressure (DBP) (Evening) time 3,Third measurement of diastolic blood pressure (DBP) in evening,numeric,millimeters of mercury (mmHg),"","","","",""
Clinical Data/Vital Signs/Seated Blood Pressure,bp1hr1,Heart rate (Evening) time 1,First measurement of heart rate in evening,numeric,beats per minute (bpm),"","","","",""
Clinical Data/Vital Signs/Seated Blood Pressure,bp1hr2,Heart rate (Evening) time 2,Second measurement of heart rate in evening,numeric,beats per minute (bpm),"","","","",""
Clinical Data/Vital Signs/Seated Blood Pressure,bp1hr3,Heart rate (Evening) time 3,Third measurement of heart rate in evening,numeric,beats per minute (bpm),"","","","",""
Clinical Data/Vital Signs/Seated Blood Pressure,bp1sys1,Systolic blood pressure (SBP) (Evening) time 1,First measurement of systolic blood pressure (SBP) in evening,numeric,millimeters of mercury (mmHg),"","","","",""
Clinical Data/Vital Signs/Seated Blood Pressure,bp1sys2,Systolic blood pressure (SBP) (Evening) time 2,Second measurement of systolic blood pressure (SBP) in evening,numeric,millimeters of mercury (mmHg),"","","","",""
Clinical Data/Vital Signs/Seated Blood Pressure,bp1sys3,Systolic blood pressure (SBP) (Evening) time 3,Third measurement of systolic blood pressure (SBP) in evening,numeric,millimeters of mercury (mmHg),"","","","",""
Clinical Data/Vital Signs/Seated Blood Pressure,bp1time,Time of evening collection,Time of evening blood pressure (BP) collection,time,"","","","","",""
Clinical Data/Vital Signs/Seated Blood Pressure,bp2dias1,Diastolic blood pressure (DBP) (Morning) time 1,First measurement of diastolic blood pressure (DBP) in morning,numeric,millimeters of mercury (mmHg),"","","","",""
Clinical Data/Vital Signs/Seated Blood Pressure,bp2dias2,Diastolic blood pressure (DBP) (Morning) time 2,Second measurement of diastolic blood pressure (DBP) in morning,numeric,millimeters of mercury (mmHg),"","","","",""
Clinical Data/Vital Signs/Seated Blood Pressure,bp2dias3,Diastolic blood pressure (DBP) (Morning) time 3,Third measurement of diastolic blood pressure (DBP) in morning,numeric,millimeters of mercury (mmHg),"","","","",""
Clinical Data/Vital Signs/Seated Blood Pressure,bp2hr1,Heart rate (Morning) time 1,First measurement of heart rate in morning,numeric,beats per minute (bpm),"","","","",""
Clinical Data/Vital Signs/Seated Blood Pressure,bp2hr2,Heart rate (Morning) time 2,Second measurement of heart rate in morning,numeric,beats per minute (bpm),"","","","",""
Clinical Data/Vital Signs/Seated Blood Pressure,bp2hr3,Heart rate (Morning) time 3,Third measurement of heart rate in morning,numeric,beats per minute (bpm),"","","","",""
Clinical Data/Vital Signs/Seated Blood Pressure,bp2sys1,Systolic blood pressure (SBP) (Morning) time 1,First measurement of systolic blood pressure (SBP) in morning,numeric,millimeters of mercury (mmHg),"","","","",""
Clinical Data/Vital Signs/Seated Blood Pressure,bp2sys2,Systolic blood pressure (SBP) (Morning) time 2,Second measurement of systolic blood pressure (SBP) in morning,numeric,millimeters of mercury (mmHg),"","","","",""
Clinical Data/Vital Signs/Seated Blood Pressure,bp2sys3,Systolic blood pressure (SBP) (Morning) time 3,Third measurement of systolic blood pressure (SBP) in morning,numeric,millimeters of mercury (mmHg),"","","","",""
Clinical Data/Vital Signs/Seated Blood Pressure,bp2time,Time of Morning collection,Time of morning blood pressure (BP) collection,time,"","","","","",""
Clinical Data/Vital Signs/Seated Blood Pressure,bpdias,Diastolic blood pressure (DBP) (mean of 6 measurements),"Blood pressure (BP) is collected six times, three measurements in the evening and three in the morning. This is the mean of the diastolic measurements at each time point.",numeric,millimeters of mercury (mmHg),"","","",true,""
Clinical Data/Vital Signs/Seated Blood Pressure,bphr,Heart Rate (mean of 6 measurements),"Blood pressure (BP) is collected six times, three measurements in the evening and three in the morning. This is the mean of the heart rate measurements at each time point.",numeric,beats per minute (bpm),"","","",true,""
Clinical Data/Vital Signs/Seated Blood Pressure,bpsys,Systolic blood pressure (SBP) (mean of 6 measurements),"Blood pressure (BP) is collected six times, three measurements in the evening and three in the morning.  This is the mean of the systolic measurements at each time point.",numeric,millimeters of mercury (mmHg),"","","",true,""
Clinical Data/Vital Signs/Seated Blood Pressure,missbpdias,Number of missing diastolic measurements,"Blood pressure (BP) is collected six times, three measurements in the evening and three in the morning.  This is the number of time points missing diastolic blood pressure (DBP).",integer,"","","","","",""
Clinical Data/Vital Signs/Seated Blood Pressure,missbphr,Number of missing heart rate measurements,"Blood pressure (BP) is collected six times, three measurements in the evening and three in the morning. This is the number of time points missing heart rate.",integer,"","","","","",""
Clinical Data/Vital Signs/Seated Blood Pressure,missbpsys,Number of missing systolic measurements,"Blood pressure (BP) is collected six times, three measurements in the evening and three in the morning.  This is the number of time points missing systolic blood pressure (SBP).",integer,"","","","","",""
Demographics/Socioeconomic Status,ystatus,Rate socioeconomic standing based on ladder,"",integer,"","",ccshs_sleep_and_health_questionnaire,"","",ccshs_sleep_and_health_questionnaire_form
Demographics,age,Age at time of visit,"",numeric,years,"","","",true,""
Demographics,ethnicity,Ethnicity,"",choices,"",ethnicity,race,"",true,""
Demographics,male,Male gender,"",choices,"",noyes,sex,"",true,""
Demographics,race,Race,"",choices,"",race,ethnicity,"",true,""
Demographics,race3,Race,Race was collapsed into these three categories to match other National Sleep Research Resource (NSRR) datasets,choices,"",race3,ethnicity,"","",""
Harmonized/Anthropometry,nsrr_bmi,Body mass index (BMI),"Harmonized by the NSRR team to align with <a href=""https://github.com/UW-GAC/topmed-dcc-harmonized-phenotypes"" target=""_blank"">TOPMed</a> and <a href=""https://github.com/uc-cdis/gtex-dictionary/tree/master/gdcdictionary/schemas/"" target=""_blank"">BioDataCatalyst standards</a>. Source: :bmi: at Visit 3",numeric,kilograms per square meter,"",bmi_baseline_1,"",true,""
Harmonized/Clinical Data,nsrr_bp_diastolic,Diastolic blood pressure,"Average resting diastolic blood pressure of six measurements (three measurements in the evening and three in the morning) collected from the upper arm in a single day. In cases where either of the measurements was missing, the average was calculated discarding the missing value. <br><br>Harmonized by the NSRR team to align with <a href=""https://github.com/UW-GAC/topmed-dcc-harmonized-phenotypes"" target=""_blank"">TOPMed</a> and <a href=""https://github.com/uc-cdis/gtex-dictionary/tree/master/gdcdictionary/schemas/"" target=""_blank"">BioDataCatalyst standards</a>. Source: :bpdias: at Visit 3",numeric,millimeters of mercury,"",bp_diastolic,"",true,""
Harmonized/Clinical Data,nsrr_bp_systolic,Systolic blood pressure,"Average resting systolic blood pressure of six measurements (three measurements in the evening and three in the morning) collected from the upper arm in a single day. In cases where either of the measurements was missing, the average was calculated discarding the missing value. <br><br>Harmonized by the NSRR team to align with <a href=""https://github.com/UW-GAC/topmed-dcc-harmonized-phenotypes"" target=""_blank"">TOPMed</a> and <a href=""https://github.com/uc-cdis/gtex-dictionary/tree/master/gdcdictionary/schemas/"" target=""_blank"">BioDataCatalyst standards</a>. Source: :bpsys: at Visit 3",numeric,millimeters of mercury,"",bp_systolic,"",true,""
Harmonized/Demographics,nsrr_age,Subject age,"Harmonized by the NSRR team to align with <a href=""https://github.com/UW-GAC/topmed-dcc-harmonized-phenotypes"" target=""_blank"">TOPMed</a> and <a href=""https://github.com/uc-cdis/gtex-dictionary/tree/master/gdcdictionary/schemas/"" target=""_blank"">BioDataCatalyst standards</a>. Source: :age: at Visit 3",numeric,years,"",age_at_index ,"",true,""
Harmonized/Demographics,nsrr_age_gt89,Indicates whether the subject's age (in years) used during date obfuscation is greater than 89 years,"Harmonized by the NSRR team to align with <a href=""https://github.com/UW-GAC/topmed-dcc-harmonized-phenotypes"" target=""_blank"">TOPMed</a> and <a href=""https://github.com/uc-cdis/gtex-dictionary/tree/master/gdcdictionary/schemas/"" target=""_blank"">BioDataCatalyst standards</a>. Source: :age: at Visit 3",choices,"",nsrr_age_gt89,age_at_index_gt89,"",true,""
Harmonized/Demographics,nsrr_ethnicity,Subject ethnicity,"Original missing value is recoded as ""not reported"". <br><br> Harmonized by the NSRR team to align with <a href=""https://github.com/UW-GAC/topmed-dcc-harmonized-phenotypes"" target=""_blank"">TOPMed</a> and <a href=""https://github.com/uc-cdis/gtex-dictionary/tree/master/gdcdictionary/schemas/"" target=""_blank"">BioDataCatalyst standards</a>. Source: :ethnicity: at Visit 3",choices,"",nsrr_ethnicity,ethnicity,"",true,""
Harmonized/Demographics,nsrr_race,Subject race,"Harmonized by the NSRR team to align with <a href=""https://github.com/UW-GAC/topmed-dcc-harmonized-phenotypes"" target=""_blank"">TOPMed</a> and <a href=""https://github.com/uc-cdis/gtex-dictionary/tree/master/gdcdictionary/schemas/"" target=""_blank"">BioDataCatalyst standards</a>. Source: :race: at Visit 3",choices,"",nsrr_race,race,"",true,""
Harmonized/Demographics,nsrr_sex,Subject sex,"Harmonized by the NSRR team to align with <a href=""https://github.com/UW-GAC/topmed-dcc-harmonized-phenotypes"" target=""_blank"">TOPMed</a> and <a href=""https://github.com/uc-cdis/gtex-dictionary/tree/master/gdcdictionary/schemas/"" target=""_blank"">BioDataCatalyst standards</a>. Source: :male: at Visit 3",choices,"",nsrr_sex,annotated_sex,"",true,""
Harmonized/Lifestyle and Behavioral Health,nsrr_current_smoker,Currently smoking cigarettes,"Indicates whether subject currently smokes cigarettes. <br><br>Harmonized by the NSRR team to align with <a href=""https://github.com/UW-GAC/topmed-dcc-harmonized-phenotypes"" target=""_blank"">TOPMed</a> and <a href=""https://github.com/uc-cdis/gtex-dictionary/tree/master/gdcdictionary/schemas/"" target=""_blank"">BioDataCatalyst standards</a>. Source: :yevrsmk: , :ycursmk: at Visit 3",choices,"",nsrr_current_smoker,current_smoker_baseline  ,"",true,""
Harmonized/Lifestyle and Behavioral Health,nsrr_ever_smoker,Ever smoked cigarettes,"Indicates whether subject ever regularly smoked cigarettes. <br><br>Harmonized by the NSRR team to align with <a href=""https://github.com/UW-GAC/topmed-dcc-harmonized-phenotypes"" target=""_blank"">TOPMed</a> and <a href=""https://github.com/uc-cdis/gtex-dictionary/tree/master/gdcdictionary/schemas/"" target=""_blank"">BioDataCatalyst standards</a>. Source: :yevrsmk: at Visit 3",choices,"",nsrr_ever_smoker,ever_smoker_baseline  ,"",true,""
Harmonized/Polysomnography/Apnea-Hypopnea Indices,nsrr_ahi_hp3r_aasm15,Apnea-Hypopnea Index : (All apneas + hypopneas with >=30% nasal cannula [or alternative sensor] reduction and >= 3% oxygen desaturation or with arousal) / hour of sleep ,"Harmonized by the NSRR team. <br><br> The definition for hypopneas is consistent with the following clinical guidelines: (1) American Academy of Sleep Medicine (AASM) 2007 Manual (2012 update) (recommended). [Berry RB et al. 2012 (PubMed ID:23066376)] (https://www.ncbi.nlm.nih.gov/pubmed/23066376), and (2) American Academy of Sleep Medicine (AASM) 2015 (recommended) [Berry RB et al. The AASM Manual for the Scoring of Sleep and Associated Events: Rules, Terminology and Technical Specifications, Version 2.2. American Academy of Sleep Medicine, Darien, IL, 2015.]<br><br> Refer to the source for detailed definition for respiratory events: :ahi_a0h3a: at Visit 3",numeric,events per hour,"",ahi_ap0uhp3x3r_f1t1,"",true,""
Harmonized/Polysomnography/Apnea-Hypopnea Indices,nsrr_ahi_hp3u,Apnea-Hypopnea Index : (All apneas + hypopneas with >= 3% oxygen desaturation) / hour of sleep ,Harmonized by the NSRR team. Refer to the source for detailed definition for respiratory events: :ahi_a0h3: at Visit 3,numeric,events per hour,"",ahi_ap0uhp3x3u_f1t1,"",true,""
Harmonized/Polysomnography/Apnea-Hypopnea Indices,nsrr_ahi_hp4r,Apnea-Hypopnea Index : (All apneas + hypopneas with >= 4% oxygen desaturation or with arousal) / hour of sleep ,Harmonized by the NSRR team. Refer to the source for detailed definition for respiratory events: :ahi_a0h4a: at Visit 3,numeric,events per hour,"",ahi_ap0uhp3x4r_f1t1,"",true,""
Harmonized/Polysomnography/Apnea-Hypopnea Indices,nsrr_ahi_hp4u_aasm15,Apnea-Hypopnea Index : (All apneas + hypopneas with >=30% nasal cannula [or alternative sensor] reduction with >= 4% oxygen desaturation) / hour of sleep,"Harmonized by the NSRR team.<br><br>The definition of hypopnea events is consistent with the following clinical guidelines: (1) AASM 2012 update (alternative) [Berry RB et al. 2012 (PubMed ID:23066376)](https://www.ncbi.nlm.nih.gov/pubmed/23066376), and (2) AASM 2015 (acceptable) [Berry RB et al. The AASM Manual for the Scoring of Sleep and Associated Events: Rules, Terminology and Technical Specifications, Version 2.2. American Academy of Sleep Medicine, Darien, IL, 2015.].<br><br> Refer to the source for detailed definition for respiratory events: :ahi_a0h4: at Visit 3",numeric,events per hour,"",ahi_ap0uhp3x4u_f1t1,"",true,""
Harmonized/Polysomnography/Arousal,nsrr_phrnumar_f1,Arousal Index: Number of arousals per hour of sleep from polysomnography,Harmonized by the NSRR team. Source: :ai_all: at Visit 3,numeric,events per hour,"",phrnumar_f1t1,"",true,""
Harmonized/Polysomnography/Signal Quality,nsrr_flag_spsw,Study scored sleep/wake rather than with full sleep staging if there is not sufficient quality on EEG lead. Studies scored as sleep wake have all sleep stages scored using a default of Stage 2 and no arousals are scored.  ,Harmonized by the NSRR team. Source: :slewake: at Visit 3,choices,"",nsrr_flag_spsw,"","",true,""
Harmonized/Polysomnography/Sleep Architecture,nsrr_ttldursp_f1,Total Sleep Duration: the interval between sleep onset and sleep offset while the participant is asleep from polysomnography,"Conventionally, this would be called total sleep time (TST) (i.e. total time spent in stage 1 or greater).<br><br>Harmonized by the NSRR team. Source: :slpprdp: at Visit 3",numeric,minutes,"",ttldursp_f1t1,"",true,""
Lifestyle and Behavioral Health/Nutrition,mnmeal,Mean number of meals per day,"",numeric,"","",food,"","",""
Lifestyle and Behavioral Health/Nutrition,mnsnack,Mean number of snacks per day,"",numeric,snacks,"",food,"","",""
Lifestyle and Behavioral Health/Nutrition,mrifat,Mean total fat per day,"",numeric,grams per day,"",food,"","",""
Lifestyle and Behavioral Health/Nutrition,mrigrams,Mean total grams per day,"",numeric,grams per day,"",food,"","",""
Lifestyle and Behavioral Health/Nutrition,mrikcal,Mean energy per day,"",numeric,kilocalories per day,"",food,"","",""
Lifestyle and Behavioral Health/Nutrition,mripro,Mean total protein per day,"",numeric,grams per day,"",food,"","",""
Lifestyle and Behavioral Health/Nutrition,mritcho,Mean total carbohydrate per day,"",numeric,grams per day,"",food,"","",""
Lifestyle and Behavioral Health/Nutrition,msnackfat,Mean fat from snacks per day,"",numeric,grams per day,"",food,"","",""
Lifestyle and Behavioral Health/Nutrition,msnackgrams,Mean grams from snacks per day,"",numeric,grams per day,"",food,"","",""
Lifestyle and Behavioral Health/Nutrition,msnackkcal,Mean kilocalories from snacks per day,"",numeric,kilocalories per day,"",food,"","",""
Lifestyle and Behavioral Health/Nutrition,msnackpro,Mean protein from snacks per day,"",numeric,grams per day,"",food,"","",""
Lifestyle and Behavioral Health/Nutrition,msnacktcho,Mean carbohydrates from snacks per day,"",numeric,grams per day,"",food,"","",""
Lifestyle and Behavioral Health/Nutrition,nutndays,Number days of nutrition recall data,"",integer,days,"",food,"","",""
Lifestyle and Behavioral Health,yacaer,Other aerobic exercise,Calculated as self-report of the number of minutes of activity per day times self report of the number of days per week in that activity,numeric,minutes per week,"",ccshs_sleep_and_health_questionnaire,"","",ccshs_sleep_and_health_questionnaire_form
Lifestyle and Behavioral Health,yacarm,Weight training (Arm),Calculated as self-report of the number of minutes of activity per day times self report of the number of days per week in that activity,numeric,minutes per week,"",ccshs_sleep_and_health_questionnaire,"","",ccshs_sleep_and_health_questionnaire_form
Lifestyle and Behavioral Health,yacbike,Bicycling,Calculated as self-report of the number of minutes of activity per day times self report of the number of days per week in that activity,numeric,minutes per week,"",ccshs_sleep_and_health_questionnaire,"","",ccshs_sleep_and_health_questionnaire_form
Lifestyle and Behavioral Health,yacjog,Jogging,Calculated as self-report of the number of minutes of activity per day times self report of the number of days per week in that activity,numeric,minutes per week,"",ccshs_sleep_and_health_questionnaire,"","",ccshs_sleep_and_health_questionnaire_form
Lifestyle and Behavioral Health,yacleg,Weight training (Leg),Calculated as self-report of the number of minutes of activity per day times self report of the number of days per week in that activity,numeric,minutes per week,"",ccshs_sleep_and_health_questionnaire,"","",ccshs_sleep_and_health_questionnaire_form
Lifestyle and Behavioral Health,yacloin,Lower intensity exercise,Calculated as self-report of the number of minutes of activity per day times self report of the number of days per week in that activity,numeric,minutes per week,"",ccshs_sleep_and_health_questionnaire,"","",ccshs_sleep_and_health_questionnaire_form
Lifestyle and Behavioral Health,yacother,Other activity,Calculated as self-report of the number of minutes of activity per day times self report of the number of days per week in that activity,numeric,minutes per week,"",ccshs_sleep_and_health_questionnaire,"","",ccshs_sleep_and_health_questionnaire_form
Lifestyle and Behavioral Health,yacrun,Running,Calculated as self-report of the number of minutes of activity per day times self report of the number of days per week in that activity,numeric,minutes per week,"",ccshs_sleep_and_health_questionnaire,"","",ccshs_sleep_and_health_questionnaire_form
Lifestyle and Behavioral Health,yacswim,Swimming,Calculated as self-report of the number of minutes of activity per day times self report of the number of days per week in that activity,numeric,minutes per week,"",ccshs_sleep_and_health_questionnaire,"","",ccshs_sleep_and_health_questionnaire_form
Lifestyle and Behavioral Health,yacten,Tennis,Calculated as self-report of the number of minutes of activity per day times self report of the number of days per week in that activity,numeric,minutes per week,"",ccshs_sleep_and_health_questionnaire,"","",ccshs_sleep_and_health_questionnaire_form
Lifestyle and Behavioral Health,yacvig,Other vigorous activities,Calculated as self-report of the number of minutes of activity per day times self report of the number of days per week in that activity,numeric,minutes per week,"",ccshs_sleep_and_health_questionnaire,"","",ccshs_sleep_and_health_questionnaire_form
Lifestyle and Behavioral Health,yacwlk,Walking for exercise,Calculated as self-report of the number of minutes of activity per day times self report of the number of days per week in that activity,numeric,minutes per week,"",ccshs_sleep_and_health_questionnaire,"","",ccshs_sleep_and_health_questionnaire_form
Lifestyle and Behavioral Health,ycursmk,Currently smoke regularly,"",choices,"",noyes,ccshs_sleep_and_health_questionnaire,"","",ccshs_sleep_and_health_questionnaire_form
Lifestyle and Behavioral Health,yevrsmk,"Ever smoked cigarettes, cigars or pipe","",choices,"",noyes,ccshs_sleep_and_health_questionnaire,"","",ccshs_sleep_and_health_questionnaire_form
Lifestyle and Behavioral Health,yevrsmkno,Average cigarettes consumption,"On average, over the entire time you smoked, how many cigarettes / cigars / bowls did you smoke each day?",integer,"","",ccshs_sleep_and_health_questionnaire,"","",ccshs_sleep_and_health_questionnaire_form
Lifestyle and Behavioral Health,yevrsmkstaa,Age when started smoking regularly,"",integer,years,"",ccshs_sleep_and_health_questionnaire,"","",ccshs_sleep_and_health_questionnaire_form
Lifestyle and Behavioral Health,yevrsmkstpa,Age when stopped smoking regularly,"",integer,years,"",ccshs_sleep_and_health_questionnaire,"","",ccshs_sleep_and_health_questionnaire_form
Medical History,ycanc,Medical history: Had cancer,"",choices,"",noyes,ccshs_sleep_and_health_questionnaire,"","",ccshs_sleep_and_health_questionnaire_form
Medical History,ydep,Medical history: Had depression,"",choices,"",noyes,ccshs_sleep_and_health_questionnaire,"","",ccshs_sleep_and_health_questionnaire_form
Medical History,ydiab,Medical history: Had diabetes,"",choices,"",noyes,ccshs_sleep_and_health_questionnaire,"","",ccshs_sleep_and_health_questionnaire_form
Medical History,yhtn,Medical history: Had hypertension,"",choices,"",noyes,ccshs_sleep_and_health_questionnaire,"","",ccshs_sleep_and_health_questionnaire_form
Sleep Monitoring/Actigraphy,cslp,Coefficient of variation of daily total sleep duration in main sleep in all days from actigraphy,"",numeric,percent (%),"",covdursp_im_w7_f2,"","",""
Sleep Monitoring/Actigraphy,cslpend,Coefficient of variation of daily total sleep duration in main sleep on weekdays from actigraphy,"",numeric,percent (%),"",covdursp_im_w2_f2,"","",""
Sleep Monitoring/Actigraphy,cslpwk,Coefficient of variation of daily total sleep duration in main sleep on weekends from actigraphy,"",numeric,percent (%),"",covdursp_im_w5_f2,"","",""
Sleep Monitoring/Actigraphy,mseff,Average daily sleep efficiency in all days from actigraphy,"Sleep efficiency is the proportion of sleep duration (i.e. total sleep time, tst) in total rest period (i.e. rest interval) in main sleep. Sleep duration is the interval between sleep onset time and sleep offset time while asleep. In this study, rest interval is the same as in-bed period.",numeric,percent (%),"",avgeffrs_im_w7_f2,"","",""
Sleep Monitoring/Actigraphy,mseffend,Average daily sleep efficiency on weekends from actigraphy,"Sleep efficiency is the proportion of sleep duration (i.e. total sleep time, tst) in total rest period (i.e. rest interval) in main sleep. Sleep duration is the interval between sleep onset time and sleep offset time while asleep. In this study, rest interval is the same as in-bed period.",numeric,percent (%),"",avgeffrs_im_w2_f2,"","",""
Sleep Monitoring/Actigraphy,mseffwk,Average daily sleep efficiency on weekdays from actigraphy,"Sleep efficiency is the proportion of sleep duration (i.e. total sleep time, tst) in total rest period (i.e. rest interval) in main sleep. Sleep duration is the interval between sleep onset time and sleep offset time while asleep. In this study, rest interval is the same as in-bed period.",numeric,percent (%),"",avgeffrs_im_w5_f2,"","",""
Sleep Monitoring/Actigraphy,mslp,Average daily total sleep duration in main sleep in all days from actigraphy,Conventionally this variable would be called total sleep time (TST).,numeric,minutes (min),"",avgdursp_im_w7_f2,"","",""
Sleep Monitoring/Actigraphy,mslpend,Average daily total sleep duration in main sleep on weekends from actigraphy,Conventionally this variable would be called total sleep time (TST).,numeric,minutes (min),"",avgdursp_im_w2_f2,"","",""
Sleep Monitoring/Actigraphy,mslpwk,Average daily total sleep duration in main sleep on weekdays from actigraphy,Conventionally this variable would be called total sleep time (TST).,numeric,minutes (min),"",avgdursp_im_w5_f2,"","",""
Sleep Monitoring/Actigraphy,nslp,Total number of nights with sleep data in the entire actigraphy recording period in all days from actigraphy,"",integer,nights,"",ttldaysp_ir_w7_f2,"","",""
Sleep Monitoring/Actigraphy,nslpend,Total number of weekend nights with sleep data in the entire actigraphy recording period in all days from actigraphy,"",integer,nights,"",ttldaysp_ir_w2_f2,"","",""
Sleep Monitoring/Actigraphy,nslpwk,Total number of weekday nights with sleep data in the entire actigraphy recording period in all days from actigraphy,"",integer,nights,"",ttldaysp_ir_w5_f2,"","",""
Sleep Monitoring/Polysomnography/Apnea-Hypopnea Indices,ahi_a0h3,Apnea-Hypopnea Index: (All apneas with no oxygen desaturation threshold used and with or without arousal + hypopneas with > 30% flow reduction and with >= 3% oxygen desaturation and with or without arousal) / hour of sleep from type I polysomnography,Calculated - Summary metric of sleep disordered breathing events.,numeric,events per hour,"",ahi_ap0uhp3x3u_f1t1,60 * (hrembp3 + hrop3 + hnrbp3 + hnrop3 + carbp + carop + canbp + canop + oarbp + oarop + oanbp + oanop) / slpprdp,true,""
Sleep Monitoring/Polysomnography/Apnea-Hypopnea Indices,ahi_a0h3a,Apnea-Hypopnea Index: (All apneas with no oxygen desaturation threshold used and with or without arousal + hypopneas with > 30% flow reduction and with >= 3% oxygen desaturation or with arousal) / hour of sleep from type I polysomnography,"Calculated - Summary metric of sleep disordered breathing events. The definition for hypopneas is consistent with the following clinical guidelines: (1) American Academy of Sleep Medicine (AASM) 2007 Manual (2012 update) (recommended). [Berry RB et al. 2012 (PubMed ID:23066376)](https://www.ncbi.nlm.nih.gov/pubmed/23066376), and (2) American Academy of Sleep Medicine (AASM) 2015 (recommended) [Berry RB et al. The AASM Manual for the Scoring of Sleep and Associated Events: Rules, Terminology and Technical Specifications, Version 2.2. American Academy of Sleep Medicine, Darien, IL, 2015.]<br><br> [Search for all AHI variables consistent with the same clinical guidelines within this dataset](https://sleepdata.org/datasets/ccshs/variables?search=aasm15_recommended)",numeric,events per hour,"",ahi_ap0uhp3x3r_f1t1;aasm15_recommended,60 * (hremba3 + hroa3 + hnrba3 + hnroa3 + carbp + carop + canbp + canop + oarbp + oarop + oanbp + oanop) / slpprdp,true,""
Sleep Monitoring/Polysomnography/Apnea-Hypopnea Indices,ahi_a0h4,Apnea-Hypopnea Index: (All apneas with no oxygen desaturation threshold used and with or without arousal + hypopneas with > 30% flow reduction and with >= 4% oxygen desaturation and with or without arousal) / hour of sleep from type I polysomnography,"Calculated - Summary metric of sleep disordered breathing events. The definition of hypopnea events is consistent with the following clinical guidelines: (1) AASM 2012 update (alternative) [Berry RB et al. 2012 (PubMed ID:23066376)] (https://www.ncbi.nlm.nih.gov/pubmed/23066376), and (2) AASM 2015 (acceptable) [Berry RB et al. The AASM Manual for the Scoring of Sleep and Associated Events: Rules, Terminology and Technical Specifications, Version 2.2. American Academy of Sleep Medicine, Darien, IL, 2015.].<br><br> [Search for all AHI variables consistent with the same clinical guidelines within this dataset](https://sleepdata.org/datasets/ccshs/variables?search=aasm15_acceptable)",numeric,events per hour,"",ahi_ap0uhp3x4u_f1t1;aasm15_acceptable,60 * (hrembp4 + hrop4 + hnrbp4 + hnrop4 + carbp + carop + canbp + canop + oarbp + oarop + oanbp + oanop) / slpprdp,true,""
Sleep Monitoring/Polysomnography/Apnea-Hypopnea Indices,ahi_a0h4a,Apnea-Hypopnea Index: (All apneas with no oxygen desaturation threshold used and with or without arousal + hypopneas with > 30% flow reduction and with >= 4% oxygen desaturation or with arousal) / hour of sleep from type I polysomnography,Calculated - Summary metric of sleep disordered breathing events.,numeric,events per hour,"",ahi_ap0uhp3x4r_f1t1,60 * (hremba4 + hroa4 + hnrba4 + hnroa4 + carbp + carop + canbp + canop + oarbp + oarop + oanbp + oanop) / slpprdp,true,""
Sleep Monitoring/Polysomnography/Apnea-Hypopnea Indices,ahi_c0h3,Central Apnea-Hypopnea Index: (Central apneas with no oxygen desaturation threshold used and with or without arousal + hypopneas with > 30% flow reduction and with > 3% desaturation and with or without arousal) / hour of sleep from type I polysomnography from type I polysomnography,Calculated - Summary metric of sleep disordered breathing events.,numeric,events per hour,"",cahi_ca0uhp3x3u_f1t1,60 * (hrembp3 + hrop3 + hnrbp3 + hnrop3 + carbp + carop + canbp + canop) / slpprdp,true,""
Sleep Monitoring/Polysomnography/Apnea-Hypopnea Indices,ahi_c0h3a,Central Apnea-Hypopnea Index: (Central apneas with no oxygen desaturation threshold used and with or without arousal + hypopneas with > 30% flow reduction and with > 3% desaturation or with arousal) / hour of sleep from type I polysomnography,"Calculated - Summary metric of sleep disordered breathing events. The definition for hypopneas is consistent with the following clinical guidelines: (1) American Academy of Sleep Medicine (AASM) 2007 Manual (2012 update) (recommended). [Berry RB et al. 2012 (PubMed ID:23066376)] (https://www.ncbi.nlm.nih.gov/pubmed/23066376), and (2) American Academy of Sleep Medicine (AASM) 2015 (recommended) [Berry RB et al. The AASM Manual for the Scoring of Sleep and Associated Events: Rules, Terminology and Technical Specifications, Version 2.2. American Academy of Sleep Medicine, Darien, IL, 2015.] <br><br> [Search for all AHI variables consistent with the same clinical guidelines within this dataset](https://sleepdata.org/datasets/ccshs/variables?search=aasm15_recommended)",numeric,events per hour,"",cahi_ca0uhp3x3r_f1t1;aasm15_recommended,60 * (hremba3 + hroa3 + hnrba3 + hnroa3 + carbp + carop + canbp + canop) / slpprdp,true,""
Sleep Monitoring/Polysomnography/Apnea-Hypopnea Indices,ahi_c0h4,Central Apnea-Hypopnea Index: (Central apneas with no oxygen desaturation threshold used and with or without arousal + hypopneas with > 30% flow reduction and with > 4% desaturation and with or without arousal) / hour of sleep from type I polysomnography,"Calculated - Summary metric of sleep disordered breathing events. The definition of hypopnea events is consistent with the following clinical guidelines: (1) AASM 2012 update (alternative) [Berry RB et al. 2012 (PubMed ID:23066376)](https://www.ncbi.nlm.nih.gov/pubmed/23066376), and (2) AASM 2015 (acceptable) [Berry RB et al. The AASM Manual for the Scoring of Sleep and Associated Events: Rules, Terminology and Technical Specifications, Version 2.2. American Academy of Sleep Medicine, Darien, IL, 2015.].<br><br> [Search for all AHI variables consistent with the same clinical guidelines within this dataset](https://sleepdata.org/datasets/ccshs/variables?search=aasm15_acceptable)",numeric,events per hour,"",cahi_ca0uhp3x4u_f1t1;aasm15_acceptable,60 * (hrembp4 + hrop4 + hnrbp4 + hnrop4 + carbp + carop + canbp + canop) / slpprdp,true,""
Sleep Monitoring/Polysomnography/Apnea-Hypopnea Indices,ahi_c0h4a,Central Apnea-Hypopnea Index: (Central apneas with no oxygen desaturation threshold used and with or without arousal + hypopneas with > 30% flow reduction and with > 4% desaturation or with arousal) / hour of sleep from type I polysomnography,Calculated - Summary metric of sleep disordered breathing events.,numeric,events per hour,"",cahi_ca0uhp3x4r_f1t1,60 * (hremba4 + hroa4 + hnrba4 + hnroa4 + carbp + carop + canbp + canop) / slpprdp,true,""
Sleep Monitoring/Polysomnography/Apnea-Hypopnea Indices,ahi_o0h3,Obstructive Apnea-Hypopnea Index: (Obstructive apneas with no oxygen desaturation threshold used and with or without arousal + hypopneas with > 30% flow reduction and with >= 3% oxygen desaturation  and with or without arousal) / hour of sleep from type I polysomnography,Calculated - Summary metric of sleep disordered breathing events.,numeric,events per hour,"",oahi_oa0uhp3x3u_f1t1,60 * (hrembp3 + hrop3 + hnrbp3 + hnrop3 + oarbp + oarop + oanbp + oanop) / slpprdp,true,""
Sleep Monitoring/Polysomnography/Apnea-Hypopnea Indices,ahi_o0h3a,Obstructive Apnea-Hypopnea Index: (Obstructive apneas with no oxygen desaturation threshold used and with or without arousal + hypopneas with > 30% flow reduction and with >= 3% oxygen desaturation or with arousal) / hour of sleep from type I polysomnography,"Calculated - Summary metric of sleep disordered breathing events. The definition for hypopneas is consistent with the following clinical guidelines: (1) American Academy of Sleep Medicine (AASM) 2007 Manual (2012 update) (recommended). [Berry RB et al. 2012 (PubMed ID:23066376)](https://www.ncbi.nlm.nih.gov/pubmed/23066376), and (2) American Academy of Sleep Medicine (AASM) 2015 (recommended) [Berry RB et al. The AASM Manual for the Scoring of Sleep and Associated Events: Rules, Terminology and Technical Specifications, Version 2.2. American Academy of Sleep Medicine, Darien, IL, 2015.] <br><br> [Search for all AHI variables consistent with the same clinical guidelines within this dataset](https://sleepdata.org/datasets/ccshs/variables?search=aasm15_recommended)",numeric,events per hour,"",oahi_oa0uhp3x3r_f1t1;aasm15_recommended,60 * (hremba3 + hroa3 + hnrba3 + hnroa3 + oarbp + oarop + oanbp + oanop) / slpprdp,true,""
Sleep Monitoring/Polysomnography/Apnea-Hypopnea Indices,ahi_o0h4,Obstructive Apnea-Hypopnea Index: (Obstructive apneas with no oxygen desaturation threshold used and with or without arousal + hypopneas with > 30% flow reduction and with >= 4% oxygen desaturation and with or without arousal) / hour of sleep from type I polysomnography,"Calculated - Summary metric of sleep disordered breathing events. The definition of hypopnea events is consistent with the following clinical guidelines: (1) AASM 2012 update (alternative) [Berry RB et al. 2012 (PubMed ID:23066376)](https://www.ncbi.nlm.nih.gov/pubmed/23066376), and (2) AASM 2015 (acceptable) [Berry RB et al. The AASM Manual for the Scoring of Sleep and Associated Events: Rules, Terminology and Technical Specifications, Version 2.2. American Academy of Sleep Medicine, Darien, IL, 2015.]. <br><br>[Search for all AHI variables consistent with the same clinical guidelines within this dataset](https://sleepdata.org/datasets/ccshs/variables?search=aasm15_acceptable)",numeric,events per hour,"",oahi_oa0uhp3x4u_f1t1;aasm15_acceptable,60 * (hrembp4 + hrop4 + hnrbp4 + hnrop4 + oarbp + oarop + oanbp + oanop) / slpprdp,true,""
Sleep Monitoring/Polysomnography/Apnea-Hypopnea Indices,ahi_o0h4a,Obstructive Apnea-Hypopnea Index: (Obstructive apneas with no oxygen desaturation threshold used and with or without arousal + hypopneas with > 30% flow reduction and with >= 4% oxygen desaturation or with arousal) / hour of sleep from type I polysomnography,Calculated - Summary metric of sleep disordered breathing events.,numeric,events per hour,"",oahi_oa0uhp3x4r_f1t1,60 * (hremba4 + hroa4 + hnrba4 + hnroa4 + oarbp + oarop + oanbp + oanop) / slpprdp,true,""
Sleep Monitoring/Polysomnography/Apnea-Hypopnea Indices,oahi3,Obstructive Apnea Hypopnea Index: (Obstructive apneas with no oxygen desaturation threshold used and with or without arousal + hypopneas with > 30% flow reduction and >= 3% oxygen desaturation and with or without arousal) / hour of sleep from type I polysomnography,Ratio of the count of all obstructive apneas (all desaturations) plus the count of hypopneas associated with at least a >=3% oxygen desaturation to the total sleep time expressed in hours.,numeric,events per hour,"",oahi_oa0uhp3x3u_f1t1,60*(hrembp3 + hrop3 + hnrbp3 + hnrop3 + oarbp + oarop + oanbp + oanop ) / slpprdp ,"",""
Sleep Monitoring/Polysomnography/Apnea-Hypopnea Indices,oai0p,Obstructive Apnea Index: (Obstructive apneas with no oxygen desaturation threshold used and with or without arousal) / hour of sleep from type I polysomnography,Obstructive Apnea Index at all desaturations  [(Total number of obstructive apneas associated with all desaturations) / (hours of sleep)],numeric,events per hour,"",oai_oa0u_f1t1,60 * ( oarbp +  oarop  + oanbp  + oanop ) / slpprdp,"",""
Sleep Monitoring/Polysomnography/Arousals,ai_all,Arousal Index: Arousals per hour of sleep from type I polysomnography,Total number of arousals per hour of sleep. Ratio of count of arousals to total sleep time in hours. [(Total number of arousals) / (hours of sleep)],numeric,arousals per hour,"",phrnumar_f1t1,60 * ( arrembp + arremop + arnrembp + arnremop ) / slpprdp ,true,""
Sleep Monitoring/Polysomnography/Oxygen Saturation,avgsat,Average oxygen saturation during total sleep duration from type I polysomnography,"",numeric,percent (%),"",avglvlsa_f1t1,( ( avsao2nh ) * ( timest1p + timest2p + times34p ) + ( avsao2rh ) * ( timeremp ) ) / 100 ,true,""
Sleep Monitoring/Polysomnography/Oxygen Saturation,minsat,Minimum oxygen saturation during total sleep duration from type I polysomnography,Lowest oxygen saturation (SaO2)% during sleep,numeric,percent (%),"",minlvlsa_f1t1,"","",""
Sleep Monitoring/Polysomnography/Respiratory Event Counts,canbp,Total number of central apnea in NREM sleep in supine position: Central apneas with no oxygen desaturation threshold used and with or without arousal from type I polysomnography,"",numeric,events,"",ttlnumca_snpb_ca0u_f1t1,"","",""
Sleep Monitoring/Polysomnography/Respiratory Event Counts,canop,Total number of central apnea in NREM sleep in non-supine position: Central apneas with no oxygen desaturation threshold used and with or without arousal from type I polysomnography,"",numeric,events,"",ttlnumca_snpo_ca0u_f1t1,"","",""
Sleep Monitoring/Polysomnography/Respiratory Event Counts,carbp,Total number of central apnea in REM sleep in supine position: Central apneas with no oxygen desaturation threshold used and with or without arousal from type I polysomnography,"",numeric,events,"",ttlnumca_srpb_ca0u_f1t1,"","",""
Sleep Monitoring/Polysomnography/Respiratory Event Counts,carop,Total number of central apnea in REM sleep in non-supine position: Central apneas with no oxygen desaturation threshold used and with or without arousal from type I polysomnography,"",numeric,events,"",ttlnumca_srpo_ca0u_f1t1,"","",""
Sleep Monitoring/Polysomnography/Respiratory Event Counts,hnrba3,Total number of hypopnea in NREM sleep in supine position: Hypopneas with >= 3% oxygen desaturation or with arousal from type I polysomnography,"",numeric,events,"",ttlnumhp_snpb_hp3x3r_f1t1,"","",""
Sleep Monitoring/Polysomnography/Respiratory Event Counts,hnrba4,Total number of hypopnea in NREM sleep in supine position: Hypopneas with >= 4% oxygen desaturation or with arousal from type I polysomnography,"",numeric,events,"",ttlnumhp_snpb_hp3x4r_f1t1,"","",""
Sleep Monitoring/Polysomnography/Respiratory Event Counts,hnrbp3,Total number of hypopnea in NREM sleep in supine position : Hypopneas with > 30% flow reduction and with >= 3% oxygen desaturation and with or without arousal from type I polysomnography,"",numeric,events,"",ttlnumhp_snpb_hp3x3u_f1t1,"","",""
Sleep Monitoring/Polysomnography/Respiratory Event Counts,hnrbp4,Total number of hypopnea in NREM sleep in supine position : Hypopneas with > 30% flow reduction and with >= 4% oxygen desaturation and with or without arousal from type I polysomnography,"",numeric,events,"",ttlnumhp_snpb_hp3x4u_f1t1,"","",""
Sleep Monitoring/Polysomnography/Respiratory Event Counts,hnroa3,Total number of hypopnea in NREM sleep in non-supine position : hypopneas with > 30% flow reduction and with >= 3% oxygen desaturation or with arousal from type I polysomnography,"",numeric,events,"",ttlnumhp_snpo_hp3x3r_f1t1,"","",""
Sleep Monitoring/Polysomnography/Respiratory Event Counts,hnroa4,Total number of hypopnea in NREM sleep in non-supine position : hypopneas with > 30% flow reduction and with >= 4% oxygen desaturation or with arousal from type I polysomnography,"",numeric,events,"",ttlnumhp_snpo_hp3x4r_f1t1,"","",""
Sleep Monitoring/Polysomnography/Respiratory Event Counts,hnrop3,Total number of hypopnea in NREM sleep in non-supine position : hypopneas with > 30% flow reduction and with >= 3% oxygen desaturation and with or without arousal from type I polysomnography,"",numeric,events,"",ttlnumhp_snpo_hp3x3u_f1t1,"","",""
Sleep Monitoring/Polysomnography/Respiratory Event Counts,hnrop4,Total number of hypopnea in NREM sleep in non-supine position : hypopneas with > 30% flow reduction and with >= 4% oxygen desaturation and with or without arousal from type I polysomnography,"",numeric,events,"",ttlnumhp_snpo_hp3x4u_f1t1,"","",""
Sleep Monitoring/Polysomnography/Respiratory Event Counts,hremba3,Total number of hypopnea in REM sleep in supine position: Hypopneas with >= 3% oxygen desaturation or with arousal from type I polysomnography,"",numeric,events,"",ttlnumhp_srpb_hp3x3r_f1t1,"","",""
Sleep Monitoring/Polysomnography/Respiratory Event Counts,hremba4,Total number of hypopnea in REM sleep in supine position: Hypopneas with >= 4% oxygen desaturation or with arousal from type I polysomnography,"",numeric,events,"",ttlnumhp_srpb_hp3x4r_f1t1,"","",""
Sleep Monitoring/Polysomnography/Respiratory Event Counts,hrembp3,Total number of hypopnea in REM sleep in supine position : Hypopneas with > 30% flow reduction and with >= 3% oxygen desaturation and with or without arousal from type I polysomnography,"",numeric,events,"",ttlnumhp_srpb_hp3x3u_f1t1,"","",""
Sleep Monitoring/Polysomnography/Respiratory Event Counts,hrembp4,Total number of hypopnea in REM sleep in supine position : Hypopneas with > 30% flow reduction and with >= 4% oxygen desaturation and with or without arousal from type I polysomnography,"",numeric,events,"",ttlnumhp_srpb_hp3x4u_f1t1,"","",""
Sleep Monitoring/Polysomnography/Respiratory Event Counts,hroa3,Total number of hypopnea in REM sleep in non-supine position : hypopneas with > 30% flow reduction and with >= 3% oxygen desaturation or with arousal from type I polysomnography,"",numeric,events,"",ttlnumhp_srpo_hp3x3r_f1t1,"","",""
Sleep Monitoring/Polysomnography/Respiratory Event Counts,hroa4,Total number of hypopnea in REM sleep in non-supine position : hypopneas with > 30% flow reduction and with >= 4% oxygen desaturation or with arousal from type I polysomnography,"",numeric,events,"",ttlnumhp_srpo_hp3x4r_f1t1,"","",""
Sleep Monitoring/Polysomnography/Respiratory Event Counts,hrop3,Total number of hypopnea in REM sleep in non-supine position : hypopneas with > 30% flow reduction and with >= 3% oxygen desaturation and with or without arousal from type I polysomnography,"",numeric,events,"",ttlnumhp_srpo_hp3x3u_f1t1,"","",""
Sleep Monitoring/Polysomnography/Respiratory Event Counts,hrop4,Total number of hypopnea in REM sleep in non-supine position : hypopneas with > 30% flow reduction and with >= 4% oxygen desaturation and with or without arousal from type I polysomnography,"",numeric,events,"",ttlnumhp_srpo_hp3x4u_f1t1,"","",""
Sleep Monitoring/Polysomnography/Respiratory Event Counts,oanbp,Total number of obstructive apnea in NREM sleep in supine position: Obstructive apneas with no oxygen desaturation threshold used and with or without arousal from type I polysomnography,"",numeric,events,"",ttlnumoa_snpb_oa0u_f1t1,"","",""
Sleep Monitoring/Polysomnography/Respiratory Event Counts,oanop,Total number of obstructive apnea in NREM sleep in non-supine position: Obstructive apneas with no oxygen desaturation threshold used and with or without arousal from type I polysomnography,"",numeric,events,"",ttlnumoa_snpo_oa0u_f1t1,"","",""
Sleep Monitoring/Polysomnography/Respiratory Event Counts,oarbp,Total number of obstructive apnea in REM sleep in supine position: Obstructive apneas with no oxygen desaturation threshold used and with or without arousal from type I polysomnography,"",numeric,events,"",ttlnumoa_srpb_oa0u_f1t1,"","",""
Sleep Monitoring/Polysomnography/Respiratory Event Counts,oarop,Total number of obstructive apnea in REM sleep in non-supine position: Obstructive apneas with no oxygen desaturation threshold used and with or without arousal from type I polysomnography,"",numeric,events,"",ttlnumoa_srpo_oa0u_f1t1,"","",""
Sleep Monitoring/Polysomnography/Signal Quality,apnhyppr,PSG Quality Assessment: Apnea/Hypopnea scoring problems,"Due to signal problems, scorer was unable to reliably distinguish between apnea and hypopnea events.  The distinction between apnea and hypopnea was determined to be unreliable.",choices,"",noyes,"","","",""
Sleep Monitoring/Polysomnography/Signal Quality,arunrel,PSG Quality Assessment: Arousals unreliable,"Due to signal problems, scorer was unable to reliably assess arousals.  The scoring of arousals was determined to be unreliable.",choices,"",noyes,"","","",""
Sleep Monitoring/Polysomnography/Signal Quality,overall,Overall Study Grade,"",choices,"",studygrade,"","","",""
Sleep Monitoring/Polysomnography/Signal Quality,remarunrel,PSG Quality Assessment: Arousals unreliable (REM),"Due to signal problems, scorer was unable to reliably assess arousals in stage REM.  The scoring of arousals in stage REM was determined to be unreliable.",choices,"",noyes,"","","",""
Sleep Monitoring/Polysomnography/Signal Quality,remnrempr,PSG Quality Assessment: REM/NREM Scoring unreliable,Scorer noted that there was a problem differentiating REM  and non-REM sleep.,choices,"",noyes,"","","",""
Sleep Monitoring/Polysomnography/Signal Quality,respevpr,PSG Quality Assessment: Respiratory scoring problems,"Due to signal problems, scorer noted that there was a problem scoring respiratory events.",choices,"",noyes,"","","",""
Sleep Monitoring/Polysomnography/Signal Quality,slewake,PSG Quality Assessment: Sleep Wake Scoring,Study scored sleep/wake rather than with full sleep staging if there is not sufficient quality on EEG lead. Studies scored as sleep wake have all sleep stages scored using a default of Stage 2 and no arousals are scored.(0=no (full scoring); 1=yes (sleep/wake only)),choices,"",noyes,"","","",""
Sleep Monitoring/Polysomnography/Signal Quality,stg1stg2pr,PSG Quality Assessment: Stage1/Stage2 Scoring unreliable,Scorer noted that there was a problem differentiating stage 1 and stage 2 sleep.,choices,"",noyes,"","","",""
Sleep Monitoring/Polysomnography/Signal Quality,stg2stg3pr,PSG Quality Assessment: Stage2/Stage3-4 Scoring unreliable,Scorer noted that there was a problem differentiating stage 2 and stage 3/4 sleep.,choices,"",noyes,"","","",""
Sleep Monitoring/Polysomnography/Sleep Architecture,pctlt70,Percentage duration of sleep with oxygen saturation < 70% from type I polysomnography,Ratio of the number of minutes with oxygen saturation (SaO2) under 70% to the total sleep time expressed in hours.,numeric,percent (%),"",pctdursp_salt70_f1t1,"","",""
Sleep Monitoring/Polysomnography/Sleep Architecture,pctlt75,Percentage duration of sleep with oxygen saturation < 75% from type I polysomnography,Ratio of the number of minutes with oxygen saturation (SaO2) under 75% to the total sleep time expressed in hours.,numeric,percent (%),"",pctdursp_salt75_f1t1,"","",""
Sleep Monitoring/Polysomnography/Sleep Architecture,pctlt80,Percentage duration of sleep with oxygen saturation < 80% from type I polysomnography,Ratio of the number of minutes with oxygen saturation (SaO2) under 80% to the total sleep time expressed in hours.,numeric,percent (%),"",pctdursp_salt80_f1t1,"","",""
Sleep Monitoring/Polysomnography/Sleep Architecture,pctlt85,Percentage duration of sleep with oxygen saturation < 85% from type I polysomnography,Ratio of the number of minutes with oxygen saturation (SaO2) under 85% to the total sleep time expressed in hours.,numeric,percent (%),"",pctdursp_salt85_f1t1,"","",""
Sleep Monitoring/Polysomnography/Sleep Architecture,pctlt90,Percentage duration of sleep with oxygen saturation < 90% from type I polysomnography,Ratio of the number of minutes with oxygen saturation (SaO2) under 90% to the total sleep time expressed in hours.,numeric,percent (%),"",pctdursp_salt90_f1t1,"",true,""
Sleep Monitoring/Polysomnography/Sleep Architecture,pctlt95,Percentage duration of sleep with oxygen saturation < 95% from type I polysomnography,Ratio of the number of minutes with oxygen saturation (SaO2) under 95% to the total sleep time expressed in hours.,numeric,percent (%),"",pctdursp_salt95_f1t1,"","",""
Sleep Monitoring/Polysomnography/Sleep Architecture,rdi3p,Apnea-Hypopnea Index: (Apneas with >= 3% oxygen desaturation and with or without arousal + hypopneas with > 30% flow reduction and >= 3% oxygen desaturation and with or without arousal) / hour of sleep from type I polysomnography,[(total number of apneas and hypopneas associated with >= 3% oxygen desaturation) / (hours of sleep)],numeric,"","",ahi_pb_ap3uhp3x3u_f1t1,60 * ( hrembp3 + hrop3 + hnrbp3 + hnrop3 + carbp3 + carop3 + canbp3 + canop3 + oarbp3 + oarop3 + oanbp3 + oanop3 ) / slpprdp,true,""
Sleep Monitoring/Polysomnography/Sleep Architecture,slp_eff,Sleep Efficiency: the ratio of sleep duration (i.e. total sleep time) to in-bed period from type I polysomnography,"Sleep duration is the interval between sleep onset time and lights on/out-bed time while asleep (i.e. total sleep time, TST), while in-bed period is the interval between lights off/in-bed time and lights on/out-bed time (i.e. time in bed, TIB). [100*(total sleep time) / (total time in bed)]",numeric,percent (%),"",ttleffsp_f1t1,100 * ( slpprdp ) / timebedp,true,""
Sleep Monitoring/Polysomnography/Sleep Architecture,slpprdp,Total Sleep Duration: the interval between sleep onset time and lights on/out-bed time while the participant is asleep from type I polysomnography,"Conventionally, this would be called total sleep time (TST) (i.e. total time spent in stage 1 or greater). <br><br>Total time from lights out to lights on that is scored as sleep (rounded to nearest minute)",numeric,minutes (min),"",ttldursp_f1t1,"",true,""
Sleep Monitoring/Polysomnography/Sleep Architecture,timerem,Total Sleep Duration (REM): the interval between sleep onset time and lights on/out-bed time while the participant is in REM sleep from type I polysomnography,Total time scored as rapid eye movement sleep (REM) rounded to nearest minute,numeric,minutes (min),"",ttldursp_sr_f1t1,"","",""
Sleep Monitoring/Polysomnography/Sleep Architecture,timeremp,Percentage of REM sleep among total sleep duration from type I polysomnography,"Conventionally, total sleep duration would be called total sleep time (TST).<br><br>[100*(number of minutes scored as REM) / (total sleep time)] * 100",numeric,percent (%),"",pctdursp_sr_f1t1,"","",""
Sleep Monitoring/Polysomnography/Sleep Architecture,times34p,Percentage duration of sleep in stage 3/4 sleep from type I polysomnography,"Conventionally, total sleep duration would be called total sleep time (TST).<br><br>[100*(number of minutes scored as stage 3-4 sleep)/(total sleep time)]",numeric,percent (%),"",pctdursp_s3_f1t1,"","",""
Sleep Monitoring/Polysomnography/Sleep Architecture,timest1,Total duration of sleep in stage 1 sleep from type I polysomnography,Total time scored as stage 1 sleep rounded to nearest minute,numeric,minutes (min),"",ttldursp_s1_f1t1,"","",""
Sleep Monitoring/Polysomnography/Sleep Architecture,timest1p,Percentage of stage 1 sleep among total sleep duration from type I polysomnography,"Conventionally, total sleep duration would be called total sleep time (TST).<br><br>[100*(number of minutes scored as stage 1 sleep)/(total sleep time)]",numeric,percent (%),"",pctdursp_s1_f1t1,"","",""
Sleep Monitoring/Polysomnography/Sleep Architecture,timest2,Total duration of sleep in stage 2 sleep from type I polysomnography,Total time scored as stage 2 sleep rounded to nearest minute,numeric,minutes (min),"",ttldursp_s2_f1t1,"","",""
Sleep Monitoring/Polysomnography/Sleep Architecture,timest2p,Percentage of stage 2 sleep among total sleep duration from type I polysomnography,"Conventionally, total sleep duration would be called total sleep time (TST).<br><br>[100*(number of minutes scored as stage 2 sleep)/(total sleep time)]",numeric,percent (%),"",pctdursp_s2_f1t1,"","",""
Sleep Monitoring/Polysomnography/Sleep Architecture,timest34,Total duration of sleep in stage 3/4 sleep from type I polysomnography,Total time scored as stage 3/4 sleep rounded to nearest minute,numeric,minutes (min),"",ttldursp_s3_f1t1,"","",""
Sleep Questionnaires/Hypersomnia/Epworth Sleepiness Scale (ESS),driving,"Chance of dozing while in a car, while stopped for a few minutes in traffic (ESS9)",*'I do not drive'* responses should be set to missing when computing summary score.,choices,"",epworthdriving,"","","",ccshs_epworth_sleepiness_scale
Sleep Questionnaires/Hypersomnia/Epworth Sleepiness Scale (ESS),essscore,Total score for modified Epworth Sleepiness Scale (ESS),The sum of items 1-8.,numeric,"","","","",true,ccshs_epworth_sleepiness_scale
Sleep Questionnaires/Hypersomnia/Epworth Sleepiness Scale (ESS),essscore_adult,Total score for adult Epworth Sleepiness Scale (ESS),The sum of items 1-7 and 9.,numeric,"","","","","",ccshs_epworth_sleepiness_scale
Sleep Questionnaires/Hypersomnia/Epworth Sleepiness Scale (ESS),homework,Chance of dozing while doing homework or taking a test (ESS8),"",choices,"",epworth,"","","",ccshs_epworth_sleepiness_scale
Sleep Questionnaires/Hypersomnia/Epworth Sleepiness Scale (ESS),inact,"Chance of dozing while sitting, inactive, in a public place (ESS3)","",choices,"",epworth,"","","",ccshs_epworth_sleepiness_scale
Sleep Questionnaires/Hypersomnia/Epworth Sleepiness Scale (ESS),lying,Chance of dozing while lying down in the afternoon when circumstances permit (ESS5),"",choices,"",epworth,"","","",ccshs_epworth_sleepiness_scale
Sleep Questionnaires/Hypersomnia/Epworth Sleepiness Scale (ESS),nmiss_adult,"Number of missing items on adult Epworth Sleepiness Scale (ESS) (items 1-7, 9)","",integer,"","","","","",""
Sleep Questionnaires/Hypersomnia/Epworth Sleepiness Scale (ESS),passeng,Chance of dozing as a passenger in a car for an hour without a break (ESS4),"",choices,"",epworth,"","","",ccshs_epworth_sleepiness_scale
Sleep Questionnaires/Hypersomnia/Epworth Sleepiness Scale (ESS),sitquiet,Chance of dozing while sitting quietly after lunch (ESS7),"",choices,"",epworth,"","","",ccshs_epworth_sleepiness_scale
Sleep Questionnaires/Hypersomnia/Epworth Sleepiness Scale (ESS),sitread,Chance of dozing while sitting and reading (ESS1),"",choices,"",epworth,"","","",ccshs_epworth_sleepiness_scale
Sleep Questionnaires/Hypersomnia/Epworth Sleepiness Scale (ESS),sittalk,Chance of dozing while lying sitting and talking to someone (ESS6),"",choices,"",epworth,"","","",ccshs_epworth_sleepiness_scale
Sleep Questionnaires/Hypersomnia/Epworth Sleepiness Scale (ESS),sleepy,Modified Epworth Sleepiness Scale (ESS) Score >= 11,"",choices,"",noyes,"","","",ccshs_epworth_sleepiness_scale
Sleep Questionnaires/Hypersomnia/Epworth Sleepiness Scale (ESS),sleepy_adult,Adult Epworth Sleepiness Scale (ESS) Score >= 11,"",choices,"",noyes,"","","",ccshs_epworth_sleepiness_scale
Sleep Questionnaires/Hypersomnia/Epworth Sleepiness Scale (ESS),watchtv,Chance of dozing while watching TV (ESS2),"",choices,"",epworth,"","","",ccshs_epworth_sleepiness_scale
Sleep Questionnaires/Hypersomnia,yalert,How often alert most of the day,"",choices,"",sleepinessfreq,ccshs_sleep_and_health_questionnaire;subjective_sleepiness,"","",ccshs_sleep_and_health_questionnaire_form
Sleep Questionnaires/Hypersomnia,ydrclass,How often fall asleep during class,"",choices,"",sleepinessfreq,ccshs_sleep_and_health_questionnaire;sleep_related_impairment;subjective_sleepiness,"","",ccshs_sleep_and_health_questionnaire_form
Sleep Questionnaires/Hypersomnia,ydrhw,How often get sleepy while doing homework,"",choices,"",sleepinessfreq,ccshs_sleep_and_health_questionnaire;sleep_related_impairment;subjective_sleepiness,"","",ccshs_sleep_and_health_questionnaire_form
Sleep Questionnaires/Hypersomnia,yeat,How often fall asleep while eating (last month),"",choices,"",lastmonthfreq,ccshs_sleep_and_health_questionnaire;sleep_related_impairment;subjective_sleepiness,"","",ccshs_sleep_and_health_questionnaire_form
Sleep Questionnaires/Hypersomnia,yexsl,Excessive (too much) sleepiness during the day (last month),"",choices,"",lastmonthfreq,ccshs_sleep_and_health_questionnaire;subjective_sleepiness,"","",ccshs_sleep_and_health_questionnaire_form
Sleep Questionnaires/Hypersomnia,yfrnd,How often fall asleep while with friends (last month),"",choices,"",lastmonthfreq,ccshs_sleep_and_health_questionnaire;sleep_related_impairment;subjective_sleepiness,"","",ccshs_sleep_and_health_questionnaire_form
Sleep Questionnaires/Hypersomnia,yhelpgetup,How often need someone to wake you,"",choices,"",sleepinessfreq,ccshs_sleep_and_health_questionnaire;subjective_sleepiness,"","",ccshs_sleep_and_health_questionnaire_form
Sleep Questionnaires/Hypersomnia,ymoreslp,How often think that you need more sleep,"",choices,"",sleepinessfreq,ccshs_sleep_and_health_questionnaire;subjective_sleepiness,"","",ccshs_sleep_and_health_questionnaire_form
Sleep Questionnaires/Hypersomnia,yread,How often fall asleep while reading or studying (last month),"",choices,"",lastmonthfreq,ccshs_sleep_and_health_questionnaire;sleep_related_impairment;subjective_sleepiness,"","",ccshs_sleep_and_health_questionnaire_form
Sleep Questionnaires/Hypersomnia,yslpco,Sleepiness that interferes with concentration (last month),"",choices,"",lastmonthfreq,ccshs_sleep_and_health_questionnaire;sleep_related_impairment;subjective_sleepiness,"","",ccshs_sleep_and_health_questionnaire_form
Sleep Questionnaires/Hypersomnia,ytalkface,How often fall asleep while talking face to face (last month),"",choices,"",lastmonthfreq,ccshs_sleep_and_health_questionnaire;sleep_related_impairment;subjective_sleepiness,"","",ccshs_sleep_and_health_questionnaire_form
Sleep Questionnaires/Hypersomnia,ytalkphon,How often fall asleep while talking on the telephone (last month),"",choices,"",lastmonthfreq,ccshs_sleep_and_health_questionnaire;sleep_related_impairment;subjective_sleepiness,"","",ccshs_sleep_and_health_questionnaire_form
Sleep Questionnaires/Hypersomnia,ytrgetup,How often have trouble getting out of bed,"",choices,"",sleepinessfreq,ccshs_sleep_and_health_questionnaire;subjective_sleepiness,"","",ccshs_sleep_and_health_questionnaire_form
Sleep Questionnaires/Hypersomnia,ytv,How often fall asleep while watching television (last month),"",choices,"",lastmonthfreq,ccshs_sleep_and_health_questionnaire;sleep_related_impairment;subjective_sleepiness,"","",ccshs_sleep_and_health_questionnaire_form
Sleep Questionnaires/Hypersomnia,ywork,How often fall asleep while at work or school (last month),"",choices,"",lastmonthfreq,ccshs_sleep_and_health_questionnaire;sleep_related_impairment;subjective_sleepiness,"","",ccshs_sleep_and_health_questionnaire_form
Sleep Questionnaires/Hypersomnia,yyexsl,Excessive (too much) sleepiness during the day (last year),"",choices,"",lastmonthfreq,ccshs_sleep_and_health_questionnaire;subjective_sleepiness,"","",ccshs_sleep_and_health_questionnaire_form
Sleep Questionnaires/Parasomnia,ypara,Feeling paralyzed or unable to move for short periods on awakening (last month),"",choices,"",lastmonthfreq,ccshs_sleep_and_health_questionnaire;sleep_paralysis,"","",ccshs_sleep_and_health_questionnaire_form
Sleep Questionnaires/Parasomnia,yplms,Ever had restless legs or periodic limb movements in sleep (PLMS),Have you ever had the following medical conditions: Restless Legs or Periodic Limb Movements in Sleep (PLMS),choices,"",noyes,ccshs_sleep_and_health_questionnaire;rls_plms,"","",ccshs_sleep_and_health_questionnaire_form
Sleep Questionnaires/Parasomnia,yypara,Feeling paralyzed or unable to move for short periods on awakening (last year),"",choices,"",lastmonthfreq,ccshs_sleep_and_health_questionnaire;sleep_paralysis,"","",ccshs_sleep_and_health_questionnaire_form
Sleep Questionnaires/Sleep Disorder,ydxsa,Medical history: Ever diagnosed of sleep apnea,Have you ever been diagnosed as having Sleep Apnea?,choices,"",noyes,ccshs_sleep_and_health_questionnaire;sdb,"","",ccshs_sleep_and_health_questionnaire_form
Sleep Questionnaires/Sleep Disorder,yinsdx,Medical history: Insomnia diagnosed or treated by physician,"",choices,"",noyes,ccshs_sleep_and_health_questionnaire;insomnia,"","",ccshs_sleep_and_health_questionnaire_form
Sleep Questionnaires/Sleep Disorder,yplmsdx,Medical history: Restless legs or periodic limb movements in sleep (PLMS) diagnosed or treated by physician,Was this diagnosed or treated by a physician? ,choices,"",noyes,ccshs_sleep_and_health_questionnaire;rls_plms,"","",ccshs_sleep_and_health_questionnaire_form
Sleep Questionnaires/Sleep Disordered Breathing,yevrsn,Ever snored,Have you EVER snored?,choices,"",noyes,ccshs_sleep_and_health_questionnairel;snore,"","",ccshs_sleep_and_health_questionnaire_form
Sleep Questionnaires/Sleep Disordered Breathing,ymnthsn,Snored in the last month,Have you snored in the last month?,choices,"",noyes,ccshs_sleep_and_health_questionnairel;snore,"","",ccshs_sleep_and_health_questionnaire_form
Sleep Questionnaires/Sleep Disturbance,ydifal,Difficulty falling asleep (last month),"",choices,"",lastmonthfreq,ccshs_sleep_and_health_questionnaire;insomnia,"","",ccshs_sleep_and_health_questionnaire_form
Sleep Questionnaires/Sleep Disturbance,yfallback,How often fall back asleep after waking,"",choices,"",sleepinessfreq,ccshs_sleep_and_health_questionnaire;insomnia,"","",ccshs_sleep_and_health_questionnaire_form
Sleep Questionnaires/Sleep Disturbance,yins,Medical history: Had insomnia,"",choices,"",noyes,ccshs_sleep_and_health_questionnaire;insomnia,"","",ccshs_sleep_and_health_questionnaire_form
Sleep Questionnaires/Sleep Disturbance,ynitwu,Average number of nighttime awakenings (last month),"",choices,"",wakefreq,ccshs_sleep_and_health_questionnaire;insomnia,"","",ccshs_sleep_and_health_questionnaire_form
Sleep Questionnaires/Sleep Disturbance,ynorst,Waking not feeling rested no matter how much sleep time you had (last month),"",choices,"",lastmonthfreq,ccshs_sleep_and_health_questionnaire;sleep_quality,"","",ccshs_sleep_and_health_questionnaire_form
Sleep Questionnaires/Sleep Disturbance,ytired,How often tired and grumpy during the day,"",choices,"",sleepinessfreq,ccshs_sleep_and_health_questionnaire;sleep_related_impairment,"","",ccshs_sleep_and_health_questionnaire_form
Sleep Questionnaires/Sleep Disturbance,ytirfa,Feeling tired or fatigued after sleeping (last month),"",choices,"",lastmonthfreq,ccshs_sleep_and_health_questionnaire;sleep_related_impairment,"","",ccshs_sleep_and_health_questionnaire_form
Sleep Questionnaires/Sleep Disturbance,yydifal,Difficulty falling asleep (last year),"",choices,"",lastmonthfreq,ccshs_sleep_and_health_questionnaire;insomnia,"","",ccshs_sleep_and_health_questionnaire_form
Sleep Questionnaires/Sleep Disturbance,yynorst,Waking not feeling rested no matter how much sleep time you had (last year),"",choices,"",lastmonthfreq,ccshs_sleep_and_health_questionnaire;sleep_quality,"","",ccshs_sleep_and_health_questionnaire_form
Sleep Questionnaires/Sleep Disturbance,yyslpco,Sleepiness that interferes with concentration (last year),"",choices,"",lastmonthfreq,ccshs_sleep_and_health_questionnaire;sleep_related_impairment;subjective_sleepiness,"","",ccshs_sleep_and_health_questionnaire_form
Sleep Questionnaires/Sleep Disturbance,yytirfa,Feeling tired or fatigued after sleeping (last year),"",choices,"",lastmonthfreq,ccshs_sleep_and_health_questionnaire;sleep_related_impairment,"","",ccshs_sleep_and_health_questionnaire_form
Sleep Questionnaires/Sleep Habits,wd_bedtime,Self-reported bedtime (Weekday),"",time,"","",ccshs_sleep_and_health_questionnaire,"","",ccshs_sleep_and_health_questionnaire_form
Sleep Questionnaires/Sleep Habits,wd_slpdur,Self-reported weekday sleep time,Calculated as the difference between self-reported weekday wake time and self-reported weekday bed time.,numeric,minutes (min),"",ccshs_sleep_and_health_questionnaire,"","",ccshs_sleep_and_health_questionnaire_form
Sleep Questionnaires/Sleep Habits,wd_slpdur_hr,Self-reported weekday sleep time,Calculated as the difference between self-reported weekday wake time and self-reported weekday bed time.,numeric,hours (h),"",ccshs_sleep_and_health_questionnaire,"","",ccshs_sleep_and_health_questionnaire_form
Sleep Questionnaires/Sleep Habits,wd_slpmid,Midpoint of time in bed from self report (Weekday),Calculated as the midpoint between self-reported weekday wake time and self-reported weekday bed time.,time,"","",ccshs_sleep_and_health_questionnaire,"","",ccshs_sleep_and_health_questionnaire_form
Sleep Questionnaires/Sleep Habits,wd_waketime,Self-reported wake time (Weekday),"",time,"","",ccshs_sleep_and_health_questionnaire,"","",ccshs_sleep_and_health_questionnaire_form
Sleep Questionnaires/Sleep Habits,we_bedtime,Self-reported bedtime (Weekend),"",time,"","",ccshs_sleep_and_health_questionnaire,"","",ccshs_sleep_and_health_questionnaire_form
Sleep Questionnaires/Sleep Habits,we_slpdur,Self-reported weekend sleep time,Calculated as the difference between self-reported weekend wake time and self-reported weekend bed time.,numeric,minutes (min),"",ccshs_sleep_and_health_questionnaire,"","",ccshs_sleep_and_health_questionnaire_form
Sleep Questionnaires/Sleep Habits,we_slpdur_hr,Self-reported weekend sleep time,Calculated as the difference between self-reported weekend wake time and self-reported weekend bed time.,numeric,hours (h),"",ccshs_sleep_and_health_questionnaire,"","",ccshs_sleep_and_health_questionnaire_form
Sleep Questionnaires/Sleep Habits,we_slpmid,Midpoint of time in bed from self report (Weekend),Calculated as the midpoint between self-reported weekend wake time and self-reported weekend bed time.,time,"","",ccshs_sleep_and_health_questionnaire,"","",ccshs_sleep_and_health_questionnaire_form
Sleep Questionnaires/Sleep Habits,we_waketime,Self-reported Wake Time (Weekend),"",time,"","",ccshs_sleep_and_health_questionnaire,"","",ccshs_sleep_and_health_questionnaire_form
Sleep Questionnaires/Sleep Habits,ycafdr,Using caffeine drinks to stay awake (last month),"",choices,"",lastmonthfreq,ccshs_sleep_and_health_questionnaire;sleep_hygiene,"","",ccshs_sleep_and_health_questionnaire_form
Sleep Questionnaires/Sleep Habits,ydrkcaf,Caffeine beverages per day,"",choices,"",caffbev,ccshs_sleep_and_health_questionnaire;sleep_hygiene,"","",ccshs_sleep_and_health_questionnaire_form
Sleep Questionnaires/Sleep Habits,ynaptime_s,Self-reported daily nap time in minutes (all days),Calculated as a weighted average of self-reported daily nap time from weekdays and from weekends (ynaptime_s = 5/7 * ywd_napdur  + 2/7*ywe_napdur),numeric,minutes (min),"",ccshs_sleep_and_health_questionnaire;sleep_hygiene,"","",ccshs_sleep_and_health_questionnaire_form
Sleep Questionnaires/Sleep Habits,ysleeplatency,Self-reported sleep latency,Calculated from self report of hours and minutes it takes to fall asleep (ysleeplatency = (yflashr * 60) + yflasmn),numeric,minutes (min),"",ccshs_sleep_and_health_questionnaire;sleep_latency,"","",ccshs_sleep_and_health_questionnaire_form
Sleep Questionnaires/Sleep Habits,ysleeptime_hr,Self-reported sleep time across all days,Calculated as a weighted average of self-reported sleep time from weekdays and from weekends (ysleeptime_hr  = 5/7 *wd_slpdur_hr  + 2/7*we_slpdur_hr),numeric,hours (h),"",ccshs_sleep_and_health_questionnaire;sleep_duration,"","",ccshs_sleep_and_health_questionnaire_form
Sleep Questionnaires/Sleep Habits,ysleeptime_min,Sleep time from self-reported bed and wake times in minutes (all days),Calculated as a weighted average of self-reported sleep time from weekdays and from weekends (ysleeptime_min = 5/7 * wd_slpdur  + 2/7*we_slpdur ),numeric,minutes (min),"",ccshs_sleep_and_health_questionnaire;sleep_timing,"","",ccshs_sleep_and_health_questionnaire_form
Sleep Questionnaires/Sleep Habits,ysleeptime_s,Sleep time from self-reported usual sleep time (all days),Calculated as a weighted average of self-reported usual sleep time from weekdays and from weekends (ysleeptime_s = 5/7 * ywd_slpdur  + 2/7*ywe_slpdur ),numeric,minutes (min),"",ccshs_sleep_and_health_questionnaire;sleep_timing,"","",ccshs_sleep_and_health_questionnaire_form
Sleep Questionnaires/Sleep Habits,ywd_napdur,Self-reported daily nap time in minutes (Weekday),Calculated from self report of hours and minutes spent napping on average on weekdays (ywd_napdur = (ywdnphr * 60) + ywdnpmn),numeric,minutes (min),"",ccshs_sleep_and_health_questionnaire;sleep_hygiene,"","",ccshs_sleep_and_health_questionnaire_form
Sleep Questionnaires/Sleep Habits,ywd_slpdur,Sleep time from self-reported usual sleep time (Weekday),Calculated from self report of hours and minutes spent asleep (ywd_slpdur = (ywdslhr * 60) + ywdslmn),numeric,minutes (min),"",ccshs_sleep_and_health_questionnaire;sleep_duration,"","",ccshs_sleep_and_health_questionnaire_form
Sleep Questionnaires/Sleep Habits,ywe_napdur,Self-reported daily nap time in minutes (Weekend),Calculated from self report of hours and minutes spent napping on average on weekends (ywe_napdur = (ywenphr * 60) + ywenpmn),numeric,minutes (min),"",ccshs_sleep_and_health_questionnaire;sleep_hygiene,"","",ccshs_sleep_and_health_questionnaire_form
Sleep Questionnaires/Sleep Habits,ywe_slpdur,Sleep time from self-reported usual sleep time (Weekend),Calculated from self report of hours and minutes spent asleep (ywe_slpdur = (yweslhr * 60) + yweslmn),numeric,minutes (min),"",ccshs_sleep_and_health_questionnaire;sleep_duration,"","",ccshs_sleep_and_health_questionnaire_form
Sleep Questionnaires/Sleep Habits,yycafdr,Using caffeine drinks to stay awake (last year),"",choices,"",lastmonthfreq,ccshs_sleep_and_health_questionnaire;sleep_hygiene,"","",ccshs_sleep_and_health_questionnaire_form
